{
    "model_bb_distance": {
        "mu": 10.129034996032715,
        "max": 22.940053939819336,
        "min": 0.015165750868618488,
        "sigma": 2.7441312416432098
    },
    "model_atom_distance": {
        "mu": 6.441985462874854,
        "max": 13.999000535752545,
        "min": 0.003316624790357311,
        "sigma": 2.8287546432561137
    },
    "ref_distance": {
        "mu": 10.976339340209961,
        "max": 120.36743927001953,
        "min": 3.0122432708740234,
        "sigma": 4.917726930425422
    },
    "discounted_dist_chain_com": {
        "mu": 5.041944357454952,
        "max": 248.93841922412918,
        "min": 0.011972195138519775,
        "sigma": 3.46310564578101
    },
    "unscaled_dist_chain_com": {
        "mu": 24.548366487020086,
        "max": 1432.149619692834,
        "min": 0.05228611790424176,
        "sigma": 18.13091993805561
    },
    "unscaled_dist_model_com": {
        "mu": 35.61153384045433,
        "max": 1502.171167254546,
        "min": 0.06139603512431718,
        "sigma": 21.514285040205625
    },
    "linear_partition_prob": {
        "mu": 0.031231040135025978,
        "max": 0.9972299933433533,
        "min": 0.0,
        "sigma": 0.15001972088716747
    }
}