{
    "training_loss": 0.03702950887477015,
    "training_metrics": {
        "per_interface_ics": 0.038050296978093597,
        "per_interface_ips": 0.05071424094215661,
        "bb_lddt": 0.015376758362674275,
        "oligo_gdtts": 0.03335707258463499,
        "oligo_gdtha": 0.03035302295884776,
        "ilddt": 0.029137071057696282,
        "ics": 0.03687029550477011,
        "ips": 0.035275548394942305
    },
    "validation_metrics": {
        "combined": 0.07068702921190512,
        "per_interface_ics": 0.0646411090083486,
        "per_interface_ips": 0.0889509599482822,
        "bb_lddt": 0.038074938347881566,
        "oligo_gdtts": 0.053834821952103276,
        "oligo_gdtha": 0.05099312464349311,
        "ilddt": 0.07211561310255452,
        "ics": 0.08253306409581684,
        "ips": 0.0899165685872963
    },
    "epoch": 10,
    "lr": 0.0005,
    "data_tag": "HYBRID-FOLD-4",
    "config": "FOLD4_model_25.even.drop.k50_0.25_16_med.json"
}