{
    "model_bb_distance": {
        "mu": 10.137163162231445,
        "max": 22.940053939819336,
        "min": 0.015165750868618488,
        "sigma": 2.7421871522213097
    },
    "model_atom_distance": {
        "mu": 6.457473152079317,
        "max": 13.998139376359992,
        "min": 0.003316624790357311,
        "sigma": 2.8300564410614992
    },
    "ref_distance": {
        "mu": 10.982839584350586,
        "max": 120.36743927001953,
        "min": 3.0122432708740234,
        "sigma": 5.038639872962661
    },
    "discounted_dist_chain_com": {
        "mu": 5.153522483070897,
        "max": 248.93841922412918,
        "min": 0.011972195138519775,
        "sigma": 3.5063734483809283
    },
    "unscaled_dist_chain_com": {
        "mu": 25.026627702525893,
        "max": 1432.149619692834,
        "min": 0.05228611790424176,
        "sigma": 18.211194079617737
    },
    "unscaled_dist_model_com": {
        "mu": 37.45355991541689,
        "max": 1502.171167254546,
        "min": 0.06139603512431718,
        "sigma": 22.290120104467654
    },
    "linear_partition_prob": {
        "mu": 0.03374234586954117,
        "max": 0.9972299933433533,
        "min": 0.0,
        "sigma": 0.15826129432610955
    }
}