{
    "model_bb_distance": {
        "mu": 10.130738258361816,
        "max": 22.940053939819336,
        "min": 0.015165750868618488,
        "sigma": 2.741677087302149
    },
    "model_atom_distance": {
        "mu": 6.449715055340561,
        "max": 13.999000535752545,
        "min": 0.003316624790357311,
        "sigma": 2.828817920407542
    },
    "ref_distance": {
        "mu": 10.91501235961914,
        "max": 120.36743927001953,
        "min": 3.0122432708740234,
        "sigma": 4.826159821097351
    },
    "discounted_dist_chain_com": {
        "mu": 5.246346149281821,
        "max": 248.93841922412918,
        "min": 0.017487403696069423,
        "sigma": 3.691185207369811
    },
    "unscaled_dist_chain_com": {
        "mu": 25.63385076343694,
        "max": 1432.149619692834,
        "min": 0.0749045376466606,
        "sigma": 19.397646654662054
    },
    "unscaled_dist_model_com": {
        "mu": 36.15423385569868,
        "max": 1502.171167254546,
        "min": 0.06139603512431718,
        "sigma": 22.198625633647797
    },
    "linear_partition_prob": {
        "mu": 0.031319037079811096,
        "max": 0.9972299933433533,
        "min": 0.0,
        "sigma": 0.15064953526035252
    }
}