{
    "model_bb_distance": {
        "mu": 10.137961387634277,
        "max": 22.388399124145508,
        "min": 0.017832554876804352,
        "sigma": 2.74475698913635
    },
    "model_atom_distance": {
        "mu": 6.453056275662588,
        "max": 13.999000535752545,
        "min": 0.003316624790357311,
        "sigma": 2.829221734762878
    },
    "ref_distance": {
        "mu": 11.058013916015625,
        "max": 118.48152160644531,
        "min": 3.0122432708740234,
        "sigma": 5.1029591072622384
    },
    "discounted_dist_chain_com": {
        "mu": 5.1513646035869405,
        "max": 248.93841922412918,
        "min": 0.011972195138519775,
        "sigma": 3.5533541282632313
    },
    "unscaled_dist_chain_com": {
        "mu": 25.082946601984446,
        "max": 1432.149619692834,
        "min": 0.05228611790424176,
        "sigma": 18.614591145876073
    },
    "unscaled_dist_model_com": {
        "mu": 36.88620115781664,
        "max": 1502.171167254546,
        "min": 0.06622685074771961,
        "sigma": 22.545344807236702
    },
    "linear_partition_prob": {
        "mu": 0.03293608874082565,
        "max": 0.9962700009346008,
        "min": 0.0,
        "sigma": 0.1549308283917103
    }
}