{
    "training_loss": 0.031943168864623527,
    "training_metrics": {
        "per_interface_ics": 0.03277739489600736,
        "per_interface_ips": 0.044267872416135765,
        "bb_lddt": 0.0117441564791767,
        "oligo_gdtts": 0.029304398251945415,
        "oligo_gdtha": 0.027402989657006684,
        "ilddt": 0.02452953927692599,
        "ics": 0.03121058070056845,
        "ips": 0.030153015699561532
    },
    "validation_metrics": {
        "combined": 0.05741810830078691,
        "per_interface_ics": 0.053805298608349254,
        "per_interface_ips": 0.07922154318531648,
        "bb_lddt": 0.03204984494018231,
        "oligo_gdtts": 0.047572439383194956,
        "oligo_gdtha": 0.03911393445538697,
        "ilddt": 0.04982127049433323,
        "ics": 0.05753412565623077,
        "ips": 0.06384514959424355
    },
    "epoch": 23,
    "lr": 5e-05,
    "data_tag": "HYBRID-FOLD-5",
    "config": "FOLD5_model_25.even.drop.k50_0.25_16_med.json"
}