,bb_lddt,oligo_gdtts,oligo_gdtha,ilddt,ics,ips,config
0,0.9379439949989319,0.8656622171401978,0.8655896186828613,0.4805470407009125,0.5400217771530151,0.6464119553565979,model_fold_2
1,0.9454673528671265,0.8790906071662903,0.8720623254776001,0.3339346647262573,0.2983437478542328,0.4622945785522461,model_fold_5
2,0.6822227239608765,0.45787760615348816,0.31641456484794617,0.20952434837818146,0.1551201045513153,0.4015110433101654,model_19_updated
3,0.9664653539657593,0.89766925573349,0.8816363215446472,0.5228520035743713,0.5360403060913086,0.6131096482276917,model_21_updated
4,0.9314191937446594,0.8241994380950928,0.7931106686592102,0.4581791162490845,0.4533601403236389,0.5251837372779846,model_24_updated
5,0.9467090368270874,0.8286444544792175,0.8010791540145874,0.561215341091156,0.5413016676902771,0.7072433233261108,model_25_updated
6,0.9422415494918823,0.8091414570808411,0.7681113481521606,0.4494595229625702,0.47849395871162415,0.5664653778076172,model_26_updated
