{
    "model_bb_distance": {
        "mu": 10.13383674621582,
        "max": 22.940053939819336,
        "min": 0.015165750868618488,
        "sigma": 2.7438071486097937
    },
    "model_atom_distance": {
        "mu": 6.457208829774619,
        "max": 13.999000535752545,
        "min": 0.005830951894846029,
        "sigma": 2.831040407624748
    },
    "ref_distance": {
        "mu": 10.994599342346191,
        "max": 120.36743927001953,
        "min": 3.0122432708740234,
        "sigma": 5.026661551664332
    },
    "discounted_dist_chain_com": {
        "mu": 5.228392838449626,
        "max": 114.03892188405244,
        "min": 0.011972195138519775,
        "sigma": 3.607849804308423
    },
    "unscaled_dist_chain_com": {
        "mu": 25.583692786396963,
        "max": 602.0934239514833,
        "min": 0.05228611790424176,
        "sigma": 18.979876120946027
    },
    "unscaled_dist_model_com": {
        "mu": 37.09115922333701,
        "max": 606.0336965306271,
        "min": 0.06139603512431718,
        "sigma": 22.50600830209736
    },
    "linear_partition_prob": {
        "mu": 0.03310442715883255,
        "max": 0.9972299933433533,
        "min": 0.0,
        "sigma": 0.1561907238579846
    }
}