{
    "model_bb_distance": {
        "mu": 10.143295288085938,
        "max": 22.388399124145508,
        "min": 0.014456831850111485,
        "sigma": 2.7418856984528235
    },
    "model_atom_distance": {
        "mu": 6.454783662169847,
        "max": 13.998984427450443,
        "min": 0.003316624790357311,
        "sigma": 2.828384218026973
    },
    "ref_distance": {
        "mu": 10.848352432250977,
        "max": 120.36743927001953,
        "min": 3.0122432708740234,
        "sigma": 4.54109857955144
    },
    "discounted_dist_chain_com": {
        "mu": 5.046693215249177,
        "max": 248.93841922412918,
        "min": 0.011972195138519775,
        "sigma": 3.287652652321431
    },
    "unscaled_dist_chain_com": {
        "mu": 24.41483670505451,
        "max": 1432.149619692834,
        "min": 0.05228611790424176,
        "sigma": 16.605522107420562
    },
    "unscaled_dist_model_com": {
        "mu": 37.5550044897018,
        "max": 1502.171167254546,
        "min": 0.039719496746813035,
        "sigma": 21.12862451252787
    },
    "linear_partition_prob": {
        "mu": 0.03175177797675133,
        "max": 0.9982200264930725,
        "min": 0.0,
        "sigma": 0.15061060806032434
    }
}